1,google.com
2,youtube.com
3,facebook.com
4,baidu.com
5,wikipedia.org
6,yahoo.com
7,google.co.in
8,reddit.com
9,qq.com
10,amazon.com
11,taobao.com
12,twitter.com
13,tmall.com
14,google.co.jp
15,live.com
16,vk.com
17,instagram.com
18,sohu.com
19,sina.com.cn
20,jd.com
21,weibo.com
22,360.cn
23,google.de
24,google.co.uk
25,linkedin.com
26,google.com.br
27,list.tmall.com
28,google.fr
29,google.ru
30,yandex.ru
31,google.com.hk
32,netflix.com
33,yahoo.co.jp
34,google.it
35,t.co
36,ebay.com
37,google.es
38,pornhub.com
39,imgur.com
40,msn.com
41,bing.com
42,onclkds.com
43,twitch.tv
44,google.com.mx
45,gmw.cn
46,google.ca
47,tumblr.com
48,alipay.com
49,livejasmin.com
50,microsoft.com
51,mail.ru
52,xvideos.com
53,ok.ru
54,aliexpress.com
55,wordpress.com
56,stackoverflow.com
57,hao123.com
58,github.com
59,imdb.com
60,amazon.co.jp
61,blogspot.com
62,pinterest.com
63,csdn.net
64,apple.com
65,wikia.com
66,google.com.tr
67,office.com
68,popads.net
69,youth.cn
70,microsoftonline.com
71,paypal.com
72,bongacams.com
73,whatsapp.com
74,google.com.tw
75,google.com.au
76,google.pl
77,xhamster.com
78,detail.tmall.com
79,diply.com
80,google.co.id
81,adobe.com
82,coccoc.com
83,nicovideo.jp
84,amazon.de
85,craigslist.org
86,dropbox.com
87,amazon.in
88,txxx.com
89,google.com.ar
90,googleusercontent.com
91,booking.com
92,google.com.pk
93,google.co.th
94,thepiratebay.org
95,porn555.com
96,pixnet.net
97,china.com
98,google.com.eg
99,bbc.co.uk
100,google.com.sa
101,soso.com
102,savefrom.net
103,amazon.co.uk
104,tianya.cn
105,fc2.com
106,bbc.com
107,mozilla.org
108,rakuten.co.jp
109,cnn.com
110,uptodown.com
111,so.com
112,soundcloud.com
113,quora.com
114,google.com.ua
115,amazonaws.com
116,ask.com
117,xnxx.com
118,google.nl
119,clicksgear.com
120,nytimes.com
121,naver.com
122,ettoday.net
123,salesforce.com
124,adf.ly
125,onlinesbi.com
126,dailymotion.com
127,google.co.za
128,google.co.ve
129,steamcommunity.com
130,espn.com
131,chase.com
132,fbcdn.net
133,stackexchange.com
134,blogger.com
135,google.co.kr
136,ebay.de
137,vimeo.com
138,vice.com
139,theguardian.com
140,blastingnews.com
141,steampowered.com
142,tribunnews.com
143,chaturbate.com
144,ebay.co.uk
145,detik.com
146,indeed.com
147,google.gr
148,google.com.vn
149,buzzfeed.com
150,dailymail.co.uk
151,xinhuanet.com
152,cnet.com
153,avito.ru
154,google.com.sg
155,mediafire.com
156,globo.com
157,spotify.com
158,openload.co
159,flipkart.com
160,google.com.ph
161,google.com.co
162,ladbible.com
163,google.be
164,google.se
165,popcash.net
166,zhihu.com
167,deviantart.com
168,google.cn
169,github.io
170,force.com
171,walmart.com
172,roblox.com
173,google.az
174,uol.com.br
175,douyu.com
176,slideshare.net
177,upornia.com
178,wikihow.com
179,yelp.com
180,twimg.com
181,daikynguyenvn.com
182,w3schools.com
183,washingtonpost.com
184,china.com.cn
185,godaddy.com
186,pinimg.com
187,alibaba.com
188,etsy.com
189,nih.gov
190,sogou.com
191,rambler.ru
192,google.at
193,hclips.com
194,babytree.com
195,softonic.com
196,slack.com
197,google.com.ng
198,redtube.com
199,iwanttodeliver.com
200,9gag.com
201,bankofamerica.com
202,google.com.pe
203,cpm10.com
204,thestartmagazine.com
205,mercadolivre.com.br
206,google.ro
207,4chan.org
208,google.cz
209,redd.it
210,google.ch
211,amazon.fr
212,gfycat.com
213,amazon.it
214,tripadvisor.com
215,bet365.com
216,trello.com
217,metropcs.mobi
218,wellsfargo.com
219,bp.blogspot.com
220,google.cl
221,discordapp.com
222,indiatimes.com
223,google.co.ao
224,performanceadexchange.com
225,google.pt
226,1688.com
227,zillow.com
228,battle.net
229,messenger.com
230,google.no
231,pipeschannels.com
232,mama.cn
233,forbes.com
234,youm7.com
235,kinogo.club
236,thewhizmarketing.com
237,people.com.cn
238,youporn.com
239,myway.com
240,tokopedia.com
241,gamepedia.com
242,abs-cbn.com
243,google.ae
244,yts.ag
245,ameblo.jp
246,weather.com
247,outbrain.com
248,kissanime.ru
249,kakaku.com
250,ikea.com
251,39.net
252,spotscenered.info
253,mega.nz
254,bilibili.com
255,google.dz
256,huffingtonpost.com
257,speedtest.net
258,livejournal.com
259,hotmovs.com
260,trackmedia101.com
261,wetransfer.com
262,reimageplus.com
263,adexchangeprediction.com
264,google.ie
265,doubleclick.net
266,sharepoint.com
267,rarbg.to
268,google.hu
269,foxnews.com
270,irctc.co.in
271,aol.com
272,amazon.cn
273,ign.com
274,airbnb.com
275,google.co.il
276,archive.org
277,allegro.pl
278,bestbuy.com
279,huanqiu.com
280,amazon.es
281,hotstar.com
282,ltn.com.tw
283,torrentz2.eu
284,leboncoin.fr
285,google.dk
286,shutterstock.com
287,files.wordpress.com
288,freepik.com
289,bitauto.com
290,feedly.com
291,cnblogs.com
292,codeonclick.com
293,hdzog.com
294,huaban.com
295,caijing.com.cn
296,skype.com
297,businessinsider.com
298,gomovies.to
299,wikimedia.org
300,google.fi
301,dingit.tv
302,ebay-kleinanzeigen.de
303,k618.cn
304,chinadaily.com.cn
305,breitbart.com
306,liputan6.com
307,wordreference.com
308,sumatoad.com
309,spankbang.com
310,fmovies.is
311,giphy.com
312,onlinevideoconverter.com
313,kinopoisk.ru
314,sberbank.ru
315,kompas.com
316,blogspot.com.br
317,flickr.com
318,zippyshare.com
319,blogspot.in
320,2ch.net
321,rutracker.org
322,genius.com
323,subject.tmall.com
324,mailchimp.com
325,sourceforge.net
326,scribd.com
327,tfetimes.com
328,aliyun.com
329,researchgate.net
330,gamefaqs.com
331,telegram.org
332,mediawhirl.net
333,accuweather.com
334,gismeteo.ru
335,xfinity.com
336,videodownloadconverter.com
337,sabah.com.tr
338,homedepot.com
339,eastday.com
340,web.de
341,daum.net
342,leagueoflegends.com
343,gmx.net
344,espncricinfo.com
345,office365.com
346,rumble.com
347,asos.com
348,youtube-mp3.org
349,google.sk
350,varzesh3.com
351,medium.com
352,mmofreegames.online
353,naver.jp
354,hola.com
355,shopify.com
356,amazon.ca
357,thesaurus.com
358,1337x.to
359,orange.fr
360,digikala.com
361,ouo.io
362,livedoor.com
363,oracle.com
364,rt.com
365,media.tumblr.com
366,zendesk.com
367,ndtv.com
368,wordpress.org
369,redirectvoluum.com
370,icloud.com
371,telegraph.co.uk
372,samsung.com
373,olx.ua
374,gearbest.com
375,capitalone.com
376,goo.ne.jp
377,goodreads.com
378,bukalapak.com
379,userapi.com
380,hp.com
381,taboola.com
382,usps.com
383,weebly.com
384,atlassian.net
385,americanexpress.com
386,iqoption.com
387,hulu.com
388,google.kz
389,target.com
390,streamable.com
391,beeg.com
392,ups.com
393,ci123.com
394,kaskus.co.id
395,cricbuzz.com
396,repubblica.it
397,subscene.com
398,onet.pl
399,weevah2.top
400,evernote.com
401,youdao.com
402,aparat.com
403,providr.com
404,independent.co.uk
405,canva.com
406,rednet.cn
407,hatena.ne.jp
408,hdfcbank.com
409,askcom.me
410,ibm.com
411,taleo.net
412,newstarads.com
413,spiegel.de
414,rottentomatoes.com
415,hatenablog.com
416,nownews.com
417,bet9ja.com
418,elpais.com
419,wittyfeed.com
420,boredpanda.com
421,udemy.com
422,sciencedirect.com
423,livedoor.jp
424,yesky.com
425,duckduckgo.com
426,asdfz.pro
427,iqiyi.com
428,shink.in
429,fiverr.com
430,mobileofferplace.site
431,mercadolibre.com.ar
432,wp.pl
433,go.com
434,jrj.com.cn
435,setn.com
436,incometaxindiaefiling.gov.in
437,cloudfront.net
438,intuit.com
439,ensonhaber.com
440,line.me
441,reverso.net
442,mlb.com
443,naij.com
444,gyazo.com
445,upwork.com
446,google.com.kw
447,patreon.com
448,qiita.com
449,themeforest.net
450,myanimelist.net
451,nametests.com
452,oeeee.com
453,fedex.com
454,dell.com
455,piz7ohhujogi.com
456,bloomberg.com
457,doublepimpssl.com
458,cerpen.co.id
459,box.com
460,behance.net
461,glassdoor.com
462,seasonvar.ru
463,slickdeals.net
464,groupon.com
465,uidai.gov.in
466,urbandictionary.com
467,playstation.com
468,scribol.com
469,theverge.com
470,wix.com
471,rediff.com
472,exoclick.com
473,doublepimp.com
474,coinmarketcap.com
475,zoho.com
476,manoramaonline.com
477,patch.com
478,marca.com
479,haber7.com
480,baike.com
481,google.co.nz
482,ytimg.com
483,free.fr
484,yadi.sk
485,onedio.com
486,pandora.com
487,4dsply.com
488,citi.com
489,kickstarter.com
490,gizmodo.com
491,163.com
492,ultimate-guitar.com
493,icicibank.com
494,google.bg
495,momoshop.com.tw
496,taringa.net
497,ebay.it
498,seznam.cz
499,biobiochile.cl
500,sportbible.com
